Gender,Married,Dependents,Education,Self_Employed,Applicant_Income,Coapplicant_Income,Loan_Amount,Loan_Amount_Term,Credit_History,Property_Area,Loan_Status,Loan_Amount_Log
Male,No,0.0,Graduate,No,5849,0,128.0,360.0,1.0,Urban,1,4.852030263919617
Male,Yes,1.0,Graduate,No,4583,1508,128.0,360.0,1.0,Rural,0,4.852030263919617
Male,Yes,0.0,Graduate,Yes,3000,0,66.0,360.0,1.0,Urban,1,4.189654742026425
Male,Yes,0.0,Not Graduate,No,2583,2358,120.0,360.0,1.0,Urban,1,4.787491742782046
Male,No,0.0,Graduate,No,6000,0,141.0,360.0,1.0,Urban,1,4.948759890378168
Male,Yes,2.0,Graduate,Yes,5417,4196,267.0,360.0,1.0,Urban,1,5.58724865840025
Male,Yes,0.0,Not Graduate,No,2333,1516,95.0,360.0,1.0,Urban,1,4.553876891600541
Male,Yes,3.0,Graduate,No,3036,2504,158.0,360.0,0.0,Semiurban,0,5.062595033026967
Male,Yes,2.0,Graduate,No,4006,1526,168.0,360.0,1.0,Urban,1,5.123963979403259
Male,Yes,1.0,Graduate,No,12841,10968,349.0,360.0,1.0,Semiurban,0,5.855071922202427
Male,Yes,2.0,Graduate,No,3200,700,70.0,360.0,1.0,Urban,1,4.248495242049359
Male,Yes,2.0,Graduate,No,2500,1840,109.0,360.0,1.0,Urban,1,4.6913478822291435
Male,Yes,2.0,Graduate,No,3073,8106,200.0,360.0,1.0,Urban,1,5.298317366548036
Male,No,0.0,Graduate,No,1853,2840,114.0,360.0,1.0,Rural,0,4.736198448394496
Male,Yes,2.0,Graduate,No,1299,1086,17.0,120.0,1.0,Urban,1,2.833213344056216
Male,No,0.0,Graduate,No,4950,0,125.0,360.0,1.0,Urban,1,4.8283137373023015
Male,No,1.0,Not Graduate,No,3596,0,100.0,240.0,1.0,Urban,1,4.605170185988092
Female,No,0.0,Graduate,No,3510,0,76.0,360.0,0.0,Urban,0,4.330733340286331
Male,Yes,0.0,Not Graduate,No,4887,0,133.0,360.0,1.0,Rural,0,4.890349128221754
Male,Yes,0.0,Graduate,No,2600,3500,115.0,360.0,1.0,Urban,1,4.74493212836325
Male,Yes,0.0,Not Graduate,No,7660,0,104.0,360.0,0.0,Urban,0,4.6443908991413725
Male,Yes,1.0,Graduate,No,5955,5625,315.0,360.0,1.0,Urban,1,5.752572638825633
Male,Yes,0.0,Not Graduate,No,2600,1911,116.0,360.0,0.0,Semiurban,0,4.7535901911063645
Male,Yes,2.0,Not Graduate,No,3365,1917,112.0,360.0,0.0,Rural,0,4.718498871295094
Male,Yes,1.0,Graduate,No,3717,2925,151.0,360.0,1.0,Semiurban,0,5.017279836814924
Male,Yes,0.0,Graduate,Yes,9560,0,191.0,360.0,1.0,Semiurban,1,5.25227342804663
Male,Yes,0.0,Graduate,No,2799,2253,122.0,360.0,1.0,Semiurban,1,4.804021044733257
Male,Yes,2.0,Not Graduate,No,4226,1040,110.0,360.0,1.0,Urban,1,4.700480365792417
Male,No,0.0,Not Graduate,No,1442,0,35.0,360.0,1.0,Urban,0,3.5553480614894135
Female,No,2.0,Graduate,No,3750,2083,120.0,360.0,1.0,Semiurban,1,4.787491742782046
Male,Yes,1.0,Graduate,No,4166,3369,201.0,360.0,1.0,Urban,0,5.303304908059076
Male,No,0.0,Graduate,No,3167,0,74.0,360.0,1.0,Urban,0,4.30406509320417
Male,No,1.0,Graduate,Yes,4692,0,106.0,360.0,1.0,Rural,0,4.663439094112067
Male,Yes,0.0,Graduate,No,3500,1667,114.0,360.0,1.0,Semiurban,1,4.736198448394496
Male,No,3.0,Graduate,No,12500,3000,320.0,360.0,1.0,Rural,0,5.768320995793772
Male,Yes,0.0,Graduate,No,2275,2067,128.0,360.0,1.0,Urban,1,4.852030263919617
Male,Yes,0.0,Graduate,No,1828,1330,100.0,360.0,0.0,Urban,0,4.605170185988092
Female,Yes,0.0,Graduate,No,3667,1459,144.0,360.0,1.0,Semiurban,1,4.969813299576001
Male,No,0.0,Graduate,No,4166,7210,184.0,360.0,1.0,Urban,1,5.214935757608986
Male,No,0.0,Not Graduate,No,3748,1668,110.0,360.0,1.0,Semiurban,1,4.700480365792417
Male,No,0.0,Graduate,No,3600,0,80.0,360.0,1.0,Urban,0,4.382026634673881
Male,No,0.0,Graduate,No,1800,1213,47.0,360.0,1.0,Urban,1,3.8501476017100584
Male,Yes,0.0,Graduate,No,2400,0,75.0,360.0,1.0,Urban,1,4.31748811353631
Male,Yes,0.0,Graduate,No,3941,2336,134.0,360.0,1.0,Semiurban,1,4.897839799950911
Male,Yes,0.0,Not Graduate,Yes,4695,0,96.0,360.0,1.0,Urban,1,4.564348191467836
Female,No,0.0,Graduate,No,3410,0,88.0,360.0,1.0,Urban,1,4.477336814478207
Male,Yes,1.0,Graduate,No,5649,0,44.0,360.0,1.0,Urban,1,3.784189633918261
Male,Yes,0.0,Graduate,No,5821,0,144.0,360.0,1.0,Urban,1,4.969813299576001
Female,Yes,0.0,Graduate,No,2645,3440,120.0,360.0,0.0,Urban,0,4.787491742782046
Female,No,0.0,Graduate,No,4000,2275,144.0,360.0,1.0,Semiurban,1,4.969813299576001
Female,Yes,0.0,Not Graduate,No,1928,1644,100.0,360.0,1.0,Semiurban,1,4.605170185988092
Female,No,0.0,Graduate,No,3086,0,120.0,360.0,1.0,Semiurban,1,4.787491742782046
Female,No,0.0,Graduate,No,4230,0,112.0,360.0,1.0,Semiurban,0,4.718498871295094
Male,Yes,2.0,Graduate,No,4616,0,134.0,360.0,1.0,Urban,0,4.897839799950911
Female,Yes,1.0,Graduate,Yes,11500,0,286.0,360.0,0.0,Urban,0,5.655991810819852
Male,Yes,2.0,Graduate,No,2708,1167,97.0,360.0,1.0,Semiurban,1,4.574710978503383
Male,Yes,0.0,Graduate,No,2132,1591,96.0,360.0,1.0,Semiurban,1,4.564348191467836
Male,Yes,0.0,Graduate,No,3366,2200,135.0,360.0,1.0,Rural,0,4.90527477843843
Male,Yes,1.0,Graduate,No,8080,2250,180.0,360.0,1.0,Urban,1,5.19295685089021
Male,Yes,2.0,Not Graduate,No,3357,2859,144.0,360.0,1.0,Urban,1,4.969813299576001
Male,Yes,0.0,Graduate,No,2500,3796,120.0,360.0,1.0,Urban,1,4.787491742782046
Male,Yes,3.0,Graduate,No,3029,0,99.0,360.0,1.0,Urban,1,4.59511985013459
Male,Yes,0.0,Not Graduate,Yes,2609,3449,165.0,180.0,0.0,Rural,0,5.10594547390058
Male,Yes,1.0,Graduate,No,4945,0,128.0,360.0,0.0,Rural,0,4.852030263919617
Female,No,0.0,Graduate,No,4166,0,116.0,360.0,0.0,Semiurban,0,4.7535901911063645
Male,Yes,0.0,Graduate,No,5726,4595,258.0,360.0,1.0,Semiurban,0,5.552959584921617
Male,No,0.0,Not Graduate,No,3200,2254,126.0,180.0,0.0,Urban,0,4.836281906951478
Male,Yes,1.0,Graduate,No,10750,0,312.0,360.0,1.0,Urban,1,5.7430031878094825
Male,Yes,3.0,Not Graduate,Yes,7100,0,125.0,60.0,1.0,Urban,1,4.8283137373023015
Female,No,0.0,Graduate,No,4300,0,136.0,360.0,0.0,Semiurban,0,4.912654885736052
Male,Yes,0.0,Graduate,No,3208,3066,172.0,360.0,1.0,Urban,1,5.147494476813453
Male,Yes,2.0,Not Graduate,Yes,1875,1875,97.0,360.0,1.0,Semiurban,1,4.574710978503383
Male,No,0.0,Graduate,No,3500,0,81.0,300.0,1.0,Semiurban,1,4.394449154672439
Male,Yes,3.0,Not Graduate,No,4755,0,95.0,360.0,0.0,Semiurban,0,4.553876891600541
Male,Yes,3.0,Graduate,Yes,5266,1774,187.0,360.0,1.0,Semiurban,1,5.231108616854587
Male,No,0.0,Graduate,No,3750,0,113.0,480.0,1.0,Urban,0,4.727387818712341
Male,No,0.0,Graduate,No,3750,4750,176.0,360.0,1.0,Urban,0,5.170483995038151
Male,Yes,1.0,Graduate,Yes,1000,3022,110.0,360.0,1.0,Urban,0,4.700480365792417
Male,Yes,3.0,Graduate,No,3167,4000,180.0,300.0,0.0,Semiurban,0,5.19295685089021
Male,Yes,3.0,Not Graduate,Yes,3333,2166,130.0,360.0,1.0,Semiurban,1,4.867534450455582
Female,No,0.0,Graduate,No,3846,0,111.0,360.0,1.0,Semiurban,1,4.709530201312334
Male,Yes,1.0,Graduate,Yes,2395,0,128.0,360.0,1.0,Semiurban,1,4.852030263919617
Female,Yes,2.0,Graduate,No,1378,1881,167.0,360.0,1.0,Urban,0,5.117993812416755
Male,Yes,0.0,Graduate,No,6000,2250,265.0,360.0,1.0,Semiurban,0,5.579729825986222
Male,Yes,1.0,Graduate,No,3988,0,50.0,240.0,1.0,Urban,1,3.912023005428146
Male,No,0.0,Graduate,No,2366,2531,136.0,360.0,1.0,Semiurban,1,4.912654885736052
Male,Yes,2.0,Not Graduate,No,3333,2000,99.0,360.0,1.0,Semiurban,1,4.59511985013459
Male,Yes,0.0,Graduate,No,2500,2118,104.0,360.0,1.0,Semiurban,1,4.6443908991413725
Male,No,0.0,Graduate,No,8566,0,210.0,360.0,1.0,Urban,1,5.3471075307174685
Male,Yes,0.0,Graduate,No,5695,4167,175.0,360.0,1.0,Semiurban,1,5.1647859739235145
Male,Yes,0.0,Graduate,No,2958,2900,131.0,360.0,1.0,Semiurban,1,4.875197323201151
Male,Yes,2.0,Graduate,No,6250,5654,188.0,180.0,1.0,Semiurban,1,5.236441962829949
Male,Yes,2.0,Not Graduate,No,3273,1820,81.0,360.0,1.0,Urban,1,4.394449154672439
Male,No,0.0,Graduate,No,4133,0,122.0,360.0,1.0,Semiurban,1,4.804021044733257
Male,No,0.0,Not Graduate,No,3620,0,25.0,120.0,1.0,Semiurban,1,3.2188758248682006
Male,No,0.0,Graduate,No,6782,0,128.0,360.0,1.0,Urban,0,4.852030263919617
Female,Yes,0.0,Graduate,No,2484,2302,137.0,360.0,1.0,Semiurban,1,4.919980925828125
Male,Yes,0.0,Graduate,No,1977,997,50.0,360.0,1.0,Semiurban,1,3.912023005428146
Male,Yes,0.0,Not Graduate,No,4188,0,115.0,180.0,1.0,Semiurban,1,4.74493212836325
Male,Yes,0.0,Graduate,No,1759,3541,131.0,360.0,1.0,Semiurban,1,4.875197323201151
Male,Yes,2.0,Not Graduate,No,4288,3263,133.0,180.0,1.0,Urban,1,4.890349128221754
Male,No,0.0,Graduate,No,4843,3806,151.0,360.0,1.0,Semiurban,1,5.017279836814924
Male,Yes,0.0,Graduate,No,13650,0,128.0,360.0,1.0,Urban,1,4.852030263919617
Male,Yes,0.0,Graduate,No,4652,3583,128.0,360.0,1.0,Semiurban,1,4.852030263919617
Male,Yes,0.0,Graduate,No,3816,754,160.0,360.0,1.0,Urban,1,5.075173815233827
Male,Yes,1.0,Graduate,No,3052,1030,100.0,360.0,1.0,Urban,1,4.605170185988092
Male,Yes,2.0,Graduate,No,11417,1126,225.0,360.0,1.0,Urban,1,5.41610040220442
Male,No,0.0,Not Graduate,No,7333,0,120.0,360.0,1.0,Rural,0,4.787491742782046
Male,Yes,2.0,Graduate,No,3800,3600,216.0,360.0,0.0,Urban,0,5.375278407684165
Male,Yes,3.0,Not Graduate,No,2071,754,94.0,480.0,1.0,Semiurban,1,4.543294782270004
Male,No,0.0,Graduate,No,5316,0,136.0,360.0,1.0,Urban,1,4.912654885736052
Female,Yes,0.0,Graduate,No,2929,2333,139.0,360.0,1.0,Semiurban,1,4.9344739331306915
Male,Yes,0.0,Not Graduate,No,3572,4114,152.0,360.0,0.0,Rural,0,5.0238805208462765
Female,No,1.0,Graduate,Yes,7451,0,128.0,360.0,1.0,Semiurban,1,4.852030263919617
Male,No,0.0,Graduate,No,5050,0,118.0,360.0,1.0,Semiurban,1,4.770684624465665
Male,Yes,1.0,Graduate,No,14583,0,185.0,180.0,1.0,Rural,1,5.220355825078324
Female,Yes,0.0,Graduate,No,3167,2283,154.0,360.0,1.0,Semiurban,1,5.0369526024136295
Male,Yes,1.0,Graduate,No,2214,1398,85.0,360.0,1.0,Urban,1,4.442651256490317
Male,Yes,0.0,Graduate,No,5568,2142,175.0,360.0,1.0,Rural,0,5.1647859739235145
Female,No,0.0,Graduate,No,10408,0,259.0,360.0,1.0,Urban,1,5.556828061699537
Male,Yes,0.0,Graduate,No,5667,2667,180.0,360.0,1.0,Rural,1,5.19295685089021
Female,No,0.0,Graduate,No,4166,0,44.0,360.0,1.0,Semiurban,1,3.784189633918261
Female,No,0.0,Graduate,No,2137,8980,137.0,360.0,0.0,Semiurban,1,4.919980925828125
Male,Yes,2.0,Graduate,No,2957,0,81.0,360.0,1.0,Semiurban,1,4.394449154672439
Male,Yes,0.0,Not Graduate,No,4300,2014,194.0,360.0,1.0,Rural,1,5.267858159063328
Female,No,0.0,Graduate,No,3692,0,93.0,360.0,1.0,Rural,1,4.532599493153256
Male,Yes,3.0,Graduate,No,23803,0,370.0,360.0,1.0,Rural,1,5.91350300563827
Male,No,0.0,Graduate,No,3865,1640,128.0,360.0,1.0,Rural,1,4.852030263919617
Male,Yes,1.0,Graduate,Yes,10513,3850,160.0,180.0,0.0,Urban,0,5.075173815233827
Male,Yes,0.0,Graduate,No,6080,2569,182.0,360.0,1.0,Rural,0,5.204006687076795
Male,No,0.0,Graduate,Yes,20166,0,650.0,480.0,1.0,Urban,1,6.476972362889683
Male,No,0.0,Graduate,No,2014,1929,74.0,360.0,1.0,Urban,1,4.30406509320417
Male,No,0.0,Graduate,No,2718,0,70.0,360.0,1.0,Semiurban,1,4.248495242049359
Male,Yes,0.0,Graduate,Yes,3459,0,25.0,120.0,1.0,Semiurban,1,3.2188758248682006
Male,No,0.0,Graduate,No,4895,0,102.0,360.0,1.0,Semiurban,1,4.624972813284271
Male,Yes,3.0,Graduate,No,4000,7750,290.0,360.0,1.0,Semiurban,0,5.66988092298052
Female,Yes,0.0,Graduate,No,4583,0,84.0,360.0,1.0,Rural,0,4.430816798843313
Male,Yes,2.0,Graduate,Yes,3316,3500,88.0,360.0,1.0,Urban,1,4.477336814478207
Male,No,0.0,Graduate,No,14999,0,242.0,360.0,0.0,Semiurban,0,5.488937726156687
Male,Yes,2.0,Not Graduate,No,4200,1430,129.0,360.0,1.0,Rural,0,4.859812404361672
Male,Yes,2.0,Graduate,No,5042,2083,185.0,360.0,1.0,Rural,0,5.220355825078324
Male,No,0.0,Graduate,No,5417,0,168.0,360.0,1.0,Urban,1,5.123963979403259
Male,No,0.0,Graduate,Yes,6950,0,175.0,180.0,1.0,Semiurban,1,5.1647859739235145
Male,Yes,0.0,Graduate,No,2698,2034,122.0,360.0,1.0,Semiurban,1,4.804021044733257
Male,Yes,2.0,Graduate,No,11757,0,187.0,180.0,1.0,Urban,1,5.231108616854587
Female,Yes,0.0,Graduate,No,2330,4486,100.0,360.0,1.0,Semiurban,1,4.605170185988092
Female,Yes,2.0,Graduate,No,14866,0,70.0,360.0,1.0,Urban,1,4.248495242049359
Male,Yes,1.0,Graduate,No,1538,1425,30.0,360.0,1.0,Urban,1,3.4011973816621555
Female,No,0.0,Graduate,No,10000,1666,225.0,360.0,1.0,Rural,0,5.41610040220442
Male,Yes,0.0,Graduate,No,4860,830,125.0,360.0,1.0,Semiurban,1,4.8283137373023015
Male,No,0.0,Graduate,No,6277,0,118.0,360.0,0.0,Rural,0,4.770684624465665
Male,Yes,0.0,Graduate,Yes,2577,3750,152.0,360.0,1.0,Rural,1,5.0238805208462765
Male,No,0.0,Graduate,No,9166,0,244.0,360.0,1.0,Urban,0,5.497168225293202
Male,Yes,2.0,Not Graduate,No,2281,0,113.0,360.0,1.0,Rural,0,4.727387818712341
Male,No,0.0,Graduate,No,3254,0,50.0,360.0,1.0,Urban,1,3.912023005428146
Male,Yes,3.0,Graduate,No,39999,0,600.0,180.0,0.0,Semiurban,1,6.396929655216146
Male,Yes,1.0,Graduate,No,6000,0,160.0,360.0,1.0,Rural,1,5.075173815233827
Male,Yes,1.0,Graduate,No,9538,0,187.0,360.0,1.0,Urban,1,5.231108616854587
Male,No,0.0,Graduate,No,2980,2083,120.0,360.0,1.0,Rural,1,4.787491742782046
Male,Yes,0.0,Graduate,No,4583,5625,255.0,360.0,1.0,Semiurban,1,5.541263545158426
Male,Yes,0.0,Not Graduate,No,1863,1041,98.0,360.0,1.0,Semiurban,1,4.584967478670572
Male,Yes,0.0,Graduate,No,7933,0,275.0,360.0,1.0,Urban,0,5.616771097666572
Male,Yes,1.0,Graduate,No,3089,1280,121.0,360.0,0.0,Semiurban,0,4.795790545596741
Male,Yes,2.0,Graduate,No,4167,1447,158.0,360.0,1.0,Rural,1,5.062595033026967
Male,Yes,0.0,Graduate,No,9323,0,75.0,180.0,1.0,Urban,1,4.31748811353631
Male,Yes,0.0,Graduate,No,3707,3166,182.0,360.0,1.0,Rural,1,5.204006687076795
Female,Yes,0.0,Graduate,No,4583,0,112.0,360.0,1.0,Rural,0,4.718498871295094
Male,Yes,0.0,Graduate,No,2439,3333,129.0,360.0,1.0,Rural,1,4.859812404361672
Male,No,0.0,Graduate,No,2237,0,63.0,480.0,0.0,Semiurban,0,4.143134726391533
Male,Yes,2.0,Graduate,No,8000,0,200.0,360.0,1.0,Semiurban,1,5.298317366548036
Male,Yes,0.0,Not Graduate,No,1820,1769,95.0,360.0,1.0,Rural,1,4.553876891600541
Male,Yes,3.0,Graduate,No,51763,0,700.0,300.0,1.0,Urban,1,6.551080335043404
Male,Yes,3.0,Not Graduate,No,3522,0,81.0,180.0,1.0,Rural,0,4.394449154672439
Male,Yes,0.0,Graduate,No,5708,5625,187.0,360.0,1.0,Semiurban,1,5.231108616854587
Male,Yes,0.0,Not Graduate,Yes,4344,736,87.0,360.0,1.0,Semiurban,0,4.465908118654584
Male,Yes,0.0,Graduate,No,3497,1964,116.0,360.0,1.0,Rural,1,4.7535901911063645
Male,Yes,2.0,Graduate,No,2045,1619,101.0,360.0,1.0,Rural,1,4.61512051684126
Male,Yes,3.0,Graduate,No,5516,11300,495.0,360.0,0.0,Semiurban,0,6.20455776256869
Male,Yes,1.0,Graduate,No,3750,0,116.0,360.0,1.0,Semiurban,1,4.7535901911063645
Male,No,0.0,Not Graduate,No,2333,1451,102.0,480.0,0.0,Urban,0,4.624972813284271
Male,Yes,1.0,Graduate,No,6400,7250,180.0,360.0,0.0,Urban,0,5.19295685089021
Male,No,0.0,Graduate,No,1916,5063,67.0,360.0,1.0,Rural,0,4.204692619390966
Male,Yes,0.0,Graduate,No,4600,0,73.0,180.0,1.0,Semiurban,1,4.290459441148391
Male,Yes,1.0,Graduate,No,33846,0,260.0,360.0,1.0,Semiurban,0,5.560681631015528
Female,Yes,0.0,Graduate,No,3625,0,108.0,360.0,1.0,Semiurban,1,4.68213122712422
Male,Yes,0.0,Graduate,Yes,39147,4750,120.0,360.0,1.0,Semiurban,1,4.787491742782046
Male,Yes,1.0,Graduate,Yes,2178,0,66.0,300.0,0.0,Rural,0,4.189654742026425
Male,Yes,0.0,Graduate,No,2383,2138,58.0,360.0,1.0,Rural,1,4.060443010546419
Male,Yes,0.0,Graduate,Yes,674,5296,168.0,360.0,1.0,Rural,1,5.123963979403259
Male,Yes,0.0,Graduate,No,9328,0,188.0,180.0,1.0,Rural,1,5.236441962829949
Male,No,0.0,Not Graduate,No,4885,0,48.0,360.0,1.0,Rural,1,3.871201010907891
Male,No,0.0,Graduate,No,12000,0,164.0,360.0,1.0,Semiurban,0,5.099866427824199
Male,Yes,0.0,Not Graduate,No,6033,0,160.0,360.0,1.0,Urban,0,5.075173815233827
Male,No,0.0,Graduate,No,3858,0,76.0,360.0,1.0,Semiurban,1,4.330733340286331
Male,No,0.0,Graduate,No,4191,0,120.0,360.0,1.0,Rural,1,4.787491742782046
Male,Yes,1.0,Graduate,No,3125,2583,170.0,360.0,1.0,Semiurban,0,5.135798437050262
Male,No,0.0,Graduate,No,8333,3750,187.0,360.0,1.0,Rural,1,5.231108616854587
Female,No,0.0,Not Graduate,No,1907,2365,120.0,360.0,1.0,Urban,1,4.787491742782046
Female,Yes,0.0,Graduate,No,3416,2816,113.0,360.0,1.0,Semiurban,1,4.727387818712341
Male,No,0.0,Graduate,Yes,11000,0,83.0,360.0,1.0,Urban,0,4.418840607796598
Male,Yes,1.0,Not Graduate,No,2600,2500,90.0,360.0,1.0,Semiurban,1,4.499809670330265
Male,No,2.0,Graduate,No,4923,0,166.0,360.0,0.0,Semiurban,1,5.111987788356544
Male,Yes,3.0,Not Graduate,No,3992,0,128.0,180.0,1.0,Urban,0,4.852030263919617
Male,Yes,1.0,Not Graduate,No,3500,1083,135.0,360.0,1.0,Urban,1,4.90527477843843
Male,Yes,2.0,Not Graduate,No,3917,0,124.0,360.0,1.0,Semiurban,1,4.820281565605037
Female,No,0.0,Not Graduate,No,4408,0,120.0,360.0,1.0,Semiurban,1,4.787491742782046
Female,No,0.0,Graduate,No,3244,0,80.0,360.0,1.0,Urban,1,4.382026634673881
Male,No,0.0,Not Graduate,No,3975,2531,55.0,360.0,1.0,Rural,1,4.007333185232471
Male,No,0.0,Graduate,No,2479,0,59.0,360.0,1.0,Urban,1,4.07753744390572
Male,No,0.0,Graduate,No,3418,0,127.0,360.0,1.0,Semiurban,0,4.844187086458591
Female,No,0.0,Graduate,No,10000,0,214.0,360.0,1.0,Semiurban,0,5.365976015021851
Male,Yes,3.0,Graduate,No,3430,1250,128.0,360.0,0.0,Semiurban,0,4.852030263919617
Male,Yes,1.0,Graduate,Yes,7787,0,240.0,360.0,1.0,Urban,1,5.480638923341991
Male,Yes,3.0,Not Graduate,Yes,5703,0,130.0,360.0,1.0,Rural,1,4.867534450455582
Male,Yes,0.0,Graduate,No,3173,3021,137.0,360.0,1.0,Urban,1,4.919980925828125
Male,Yes,3.0,Not Graduate,No,3850,983,100.0,360.0,1.0,Semiurban,1,4.605170185988092
Male,Yes,0.0,Graduate,No,150,1800,135.0,360.0,1.0,Rural,0,4.90527477843843
Male,Yes,0.0,Graduate,No,3727,1775,131.0,360.0,1.0,Semiurban,1,4.875197323201151
Male,Yes,2.0,Graduate,No,5000,0,72.0,360.0,0.0,Semiurban,0,4.276666119016055
Female,Yes,2.0,Graduate,No,4283,2383,127.0,360.0,1.0,Semiurban,1,4.844187086458591
Male,Yes,0.0,Graduate,No,2221,0,60.0,360.0,0.0,Urban,0,4.0943445622221
Male,Yes,2.0,Graduate,No,4009,1717,116.0,360.0,1.0,Semiurban,1,4.7535901911063645
Male,No,0.0,Graduate,No,2971,2791,144.0,360.0,1.0,Semiurban,1,4.969813299576001
Male,Yes,0.0,Graduate,No,7578,1010,175.0,360.0,1.0,Semiurban,1,5.1647859739235145
Male,Yes,0.0,Graduate,No,6250,0,128.0,360.0,1.0,Semiurban,1,4.852030263919617
Male,Yes,0.0,Graduate,No,3250,0,170.0,360.0,1.0,Rural,0,5.135798437050262
Male,Yes,0.0,Not Graduate,Yes,4735,0,138.0,360.0,1.0,Urban,0,4.927253685157205
Male,Yes,2.0,Graduate,No,6250,1695,210.0,360.0,1.0,Semiurban,1,5.3471075307174685
Male,Yes,0.0,Graduate,No,4758,0,158.0,480.0,1.0,Semiurban,1,5.062595033026967
Male,No,0.0,Graduate,Yes,6400,0,200.0,360.0,1.0,Rural,1,5.298317366548036
Male,Yes,1.0,Graduate,No,2491,2054,104.0,360.0,1.0,Semiurban,1,4.6443908991413725
Male,Yes,0.0,Graduate,No,3716,0,42.0,180.0,1.0,Rural,1,3.7376696182833684
Male,No,0.0,Not Graduate,No,3189,2598,120.0,360.0,1.0,Rural,1,4.787491742782046
Female,No,0.0,Graduate,No,8333,0,280.0,360.0,1.0,Semiurban,1,5.634789603169249
Male,Yes,1.0,Graduate,No,3155,1779,140.0,360.0,1.0,Semiurban,1,4.941642422609304
Male,Yes,1.0,Graduate,No,5500,1260,170.0,360.0,1.0,Rural,1,5.135798437050262
Male,Yes,0.0,Graduate,No,5746,0,255.0,360.0,1.0,Urban,0,5.541263545158426
Female,No,0.0,Graduate,Yes,3463,0,122.0,360.0,1.0,Urban,1,4.804021044733257
Female,No,1.0,Graduate,No,3812,0,112.0,360.0,1.0,Rural,1,4.718498871295094
Male,Yes,1.0,Graduate,No,3315,0,96.0,360.0,1.0,Semiurban,1,4.564348191467836
Male,Yes,2.0,Graduate,No,5819,5000,120.0,360.0,1.0,Rural,1,4.787491742782046
Male,Yes,1.0,Not Graduate,No,2510,1983,140.0,180.0,1.0,Urban,0,4.941642422609304
Male,No,0.0,Graduate,No,2965,5701,155.0,60.0,1.0,Urban,1,5.043425116919247
Male,Yes,2.0,Graduate,Yes,6250,1300,108.0,360.0,1.0,Rural,1,4.68213122712422
Male,Yes,0.0,Not Graduate,No,3406,4417,123.0,360.0,1.0,Semiurban,1,4.812184355372417
Male,No,0.0,Graduate,Yes,6050,4333,120.0,180.0,1.0,Urban,0,4.787491742782046
Male,Yes,2.0,Graduate,No,9703,0,112.0,360.0,1.0,Urban,1,4.718498871295094
Male,Yes,1.0,Not Graduate,No,6608,0,137.0,180.0,1.0,Urban,1,4.919980925828125
Male,Yes,1.0,Graduate,No,2882,1843,123.0,480.0,1.0,Semiurban,1,4.812184355372417
Male,Yes,0.0,Graduate,No,1809,1868,90.0,360.0,1.0,Urban,1,4.499809670330265
Male,Yes,0.0,Not Graduate,No,1668,3890,201.0,360.0,0.0,Semiurban,0,5.303304908059076
Female,No,2.0,Graduate,No,3427,0,138.0,360.0,1.0,Urban,0,4.927253685157205
Male,No,0.0,Not Graduate,Yes,2583,2167,104.0,360.0,1.0,Rural,1,4.6443908991413725
Male,Yes,1.0,Not Graduate,No,2661,7101,279.0,180.0,1.0,Semiurban,1,5.631211781821365
Male,No,0.0,Graduate,Yes,16250,0,192.0,360.0,0.0,Urban,0,5.2574953720277815
Female,No,3.0,Graduate,No,3083,0,255.0,360.0,1.0,Rural,1,5.541263545158426
Male,No,0.0,Not Graduate,No,6045,0,115.0,360.0,0.0,Rural,0,4.74493212836325
Male,Yes,3.0,Graduate,No,5250,0,94.0,360.0,1.0,Urban,0,4.543294782270004
Male,Yes,0.0,Graduate,No,14683,2100,304.0,360.0,1.0,Rural,0,5.717027701406222
Male,Yes,3.0,Not Graduate,No,4931,0,128.0,360.0,1.0,Semiurban,0,4.852030263919617
Male,Yes,1.0,Graduate,No,6083,4250,330.0,360.0,1.0,Urban,1,5.799092654460526
Male,No,0.0,Graduate,No,2060,2209,134.0,360.0,1.0,Semiurban,1,4.897839799950911
Female,No,1.0,Graduate,No,3481,0,155.0,36.0,1.0,Semiurban,0,5.043425116919247
Female,No,0.0,Graduate,No,7200,0,120.0,360.0,1.0,Rural,1,4.787491742782046
Male,No,0.0,Graduate,Yes,5166,0,128.0,360.0,1.0,Semiurban,1,4.852030263919617
Male,No,0.0,Graduate,No,4095,3447,151.0,360.0,1.0,Rural,1,5.017279836814924
Male,Yes,2.0,Graduate,No,4708,1387,150.0,360.0,1.0,Semiurban,1,5.0106352940962555
Male,Yes,3.0,Graduate,No,4333,1811,160.0,360.0,0.0,Urban,1,5.075173815233827
Female,No,0.0,Graduate,No,3418,0,135.0,360.0,1.0,Rural,0,4.90527477843843
Female,No,1.0,Graduate,No,2876,1560,90.0,360.0,1.0,Urban,1,4.499809670330265
Female,No,0.0,Graduate,No,3237,0,30.0,360.0,1.0,Urban,1,3.4011973816621555
Male,Yes,0.0,Graduate,No,11146,0,136.0,360.0,1.0,Urban,1,4.912654885736052
Male,No,0.0,Graduate,No,2833,1857,126.0,360.0,1.0,Rural,1,4.836281906951478
Male,Yes,0.0,Graduate,No,2620,2223,150.0,360.0,1.0,Semiurban,1,5.0106352940962555
Male,Yes,2.0,Graduate,No,3900,0,90.0,360.0,1.0,Semiurban,1,4.499809670330265
Male,Yes,1.0,Graduate,No,2750,1842,115.0,360.0,1.0,Semiurban,1,4.74493212836325
Male,Yes,0.0,Graduate,No,3993,3274,207.0,360.0,1.0,Semiurban,1,5.332718793265369
Male,Yes,0.0,Graduate,No,3103,1300,80.0,360.0,1.0,Urban,1,4.382026634673881
Male,Yes,0.0,Graduate,No,14583,0,436.0,360.0,1.0,Semiurban,1,6.077642243349034
Female,Yes,0.0,Not Graduate,No,4100,0,124.0,360.0,1.0,Rural,1,4.820281565605037
Male,No,1.0,Not Graduate,Yes,4053,2426,158.0,360.0,0.0,Urban,0,5.062595033026967
Male,Yes,0.0,Graduate,No,3927,800,112.0,360.0,1.0,Semiurban,1,4.718498871295094
Male,Yes,2.0,Graduate,No,2301,986,78.0,180.0,1.0,Urban,1,4.356708826689592
Female,No,0.0,Graduate,No,1811,1666,54.0,360.0,1.0,Urban,1,3.9889840465642745
Male,Yes,0.0,Graduate,No,20667,0,128.0,360.0,1.0,Rural,0,4.852030263919617
Male,No,0.0,Graduate,No,3158,3053,89.0,360.0,1.0,Rural,1,4.48863636973214
Female,No,0.0,Graduate,Yes,2600,1717,99.0,300.0,1.0,Semiurban,0,4.59511985013459
Male,Yes,0.0,Graduate,No,3704,2000,120.0,360.0,1.0,Rural,1,4.787491742782046
Female,No,0.0,Graduate,No,4124,0,115.0,360.0,1.0,Semiurban,1,4.74493212836325
Male,No,0.0,Graduate,No,9508,0,187.0,360.0,1.0,Rural,1,5.231108616854587
Male,Yes,0.0,Graduate,No,3075,2416,139.0,360.0,1.0,Rural,1,4.9344739331306915
Male,Yes,2.0,Graduate,No,4400,0,127.0,360.0,0.0,Semiurban,0,4.844187086458591
Male,Yes,2.0,Graduate,No,3153,1560,134.0,360.0,1.0,Urban,1,4.897839799950911
Female,No,0.0,Graduate,No,5417,0,143.0,480.0,0.0,Urban,0,4.962844630259907
Male,Yes,0.0,Graduate,No,2383,3334,172.0,360.0,1.0,Semiurban,1,5.147494476813453
Male,Yes,3.0,Graduate,No,4416,1250,110.0,360.0,1.0,Urban,1,4.700480365792417
Male,Yes,1.0,Graduate,No,6875,0,200.0,360.0,1.0,Semiurban,1,5.298317366548036
Female,Yes,1.0,Graduate,No,4666,0,135.0,360.0,1.0,Urban,1,4.90527477843843
Female,No,0.0,Graduate,No,5000,2541,151.0,480.0,1.0,Rural,0,5.017279836814924
Male,Yes,1.0,Graduate,No,2014,2925,113.0,360.0,1.0,Urban,0,4.727387818712341
Male,Yes,0.0,Not Graduate,No,1800,2934,93.0,360.0,0.0,Urban,0,4.532599493153256
Male,Yes,0.0,Not Graduate,No,2875,1750,105.0,360.0,1.0,Semiurban,1,4.653960350157523
Female,No,0.0,Graduate,No,5000,0,132.0,360.0,1.0,Rural,1,4.882801922586371
Male,Yes,1.0,Graduate,No,1625,1803,96.0,360.0,1.0,Urban,1,4.564348191467836
Male,No,0.0,Graduate,No,4000,2500,140.0,360.0,1.0,Rural,1,4.941642422609304
Male,No,0.0,Not Graduate,No,2000,0,128.0,360.0,1.0,Urban,0,4.852030263919617
Female,No,0.0,Graduate,No,3762,1666,135.0,360.0,1.0,Rural,1,4.90527477843843
Female,No,0.0,Graduate,No,2400,1863,104.0,360.0,0.0,Urban,0,4.6443908991413725
Male,No,0.0,Graduate,No,20233,0,480.0,360.0,1.0,Rural,0,6.173786103901937
Male,Yes,2.0,Not Graduate,No,7667,0,185.0,360.0,1.0,Rural,1,5.220355825078324
Female,No,0.0,Graduate,No,2917,0,84.0,360.0,1.0,Semiurban,1,4.430816798843313
Male,No,0.0,Not Graduate,No,2927,2405,111.0,360.0,1.0,Semiurban,1,4.709530201312334
Female,No,0.0,Graduate,No,2507,0,56.0,360.0,1.0,Rural,1,4.02535169073515
Male,Yes,2.0,Graduate,Yes,5746,0,144.0,84.0,1.0,Rural,1,4.969813299576001
Male,Yes,0.0,Graduate,No,2473,1843,159.0,360.0,1.0,Rural,0,5.0689042022202315
Male,Yes,1.0,Not Graduate,No,3399,1640,111.0,180.0,1.0,Urban,1,4.709530201312334
Male,Yes,2.0,Graduate,No,3717,0,120.0,360.0,1.0,Semiurban,1,4.787491742782046
Male,Yes,0.0,Graduate,No,2058,2134,88.0,360.0,1.0,Urban,1,4.477336814478207
Female,No,1.0,Graduate,No,3541,0,112.0,360.0,1.0,Semiurban,1,4.718498871295094
Male,Yes,1.0,Graduate,Yes,10000,0,155.0,360.0,1.0,Rural,0,5.043425116919247
Male,Yes,0.0,Graduate,No,2400,2167,115.0,360.0,1.0,Semiurban,1,4.74493212836325
Male,Yes,3.0,Graduate,No,4342,189,124.0,360.0,1.0,Semiurban,1,4.820281565605037
Male,Yes,2.0,Not Graduate,No,3601,1590,128.0,360.0,1.0,Rural,1,4.852030263919617
Female,No,0.0,Graduate,No,3166,2985,132.0,360.0,1.0,Rural,1,4.882801922586371
Male,Yes,3.0,Graduate,No,15000,0,300.0,360.0,1.0,Rural,1,5.703782474656201
Male,Yes,1.0,Graduate,Yes,8666,4983,376.0,360.0,0.0,Rural,0,5.929589143389895
Male,No,0.0,Graduate,No,4917,0,130.0,360.0,0.0,Rural,1,4.867534450455582
Male,Yes,0.0,Graduate,Yes,5818,2160,184.0,360.0,1.0,Semiurban,1,5.214935757608986
Female,Yes,0.0,Graduate,No,4333,2451,110.0,360.0,1.0,Urban,0,4.700480365792417
Female,No,0.0,Graduate,No,2500,0,67.0,360.0,1.0,Urban,1,4.204692619390966
Male,No,1.0,Graduate,No,4384,1793,117.0,360.0,1.0,Urban,1,4.762173934797756
Male,No,0.0,Graduate,No,2935,0,98.0,360.0,1.0,Semiurban,1,4.584967478670572
Male,No,0.0,Graduate,No,2833,0,71.0,360.0,1.0,Urban,1,4.2626798770413155
Male,Yes,0.0,Graduate,No,63337,0,490.0,180.0,1.0,Urban,1,6.194405391104672
Male,Yes,1.0,Graduate,Yes,9833,1833,182.0,180.0,1.0,Urban,1,5.204006687076795
Male,Yes,0.0,Graduate,Yes,5503,4490,70.0,360.0,1.0,Semiurban,1,4.248495242049359
Male,Yes,1.0,Graduate,No,5250,688,160.0,360.0,1.0,Rural,1,5.075173815233827
Male,Yes,2.0,Graduate,Yes,2500,4600,176.0,360.0,1.0,Rural,1,5.170483995038151
Female,No,3.0,Not Graduate,No,1830,0,128.0,360.0,0.0,Urban,0,4.852030263919617
Female,No,0.0,Graduate,No,4160,0,71.0,360.0,1.0,Semiurban,1,4.2626798770413155
Male,Yes,3.0,Not Graduate,No,2647,1587,173.0,360.0,1.0,Rural,0,5.153291594497779
Female,No,0.0,Graduate,No,2378,0,46.0,360.0,1.0,Rural,0,3.828641396489095
Male,Yes,1.0,Not Graduate,No,4554,1229,158.0,360.0,1.0,Urban,1,5.062595033026967
Male,Yes,3.0,Not Graduate,No,3173,0,74.0,360.0,1.0,Semiurban,1,4.30406509320417
Male,Yes,2.0,Graduate,No,2583,2330,125.0,360.0,1.0,Rural,1,4.8283137373023015
Male,Yes,0.0,Graduate,No,2499,2458,160.0,360.0,1.0,Semiurban,1,5.075173815233827
Male,Yes,0.0,Not Graduate,No,3523,3230,152.0,360.0,0.0,Rural,0,5.0238805208462765
Male,Yes,2.0,Not Graduate,No,3083,2168,126.0,360.0,1.0,Urban,1,4.836281906951478
Male,Yes,0.0,Graduate,No,6333,4583,259.0,360.0,1.0,Semiurban,1,5.556828061699537
Male,Yes,0.0,Graduate,No,2625,6250,187.0,360.0,1.0,Rural,1,5.231108616854587
Male,Yes,0.0,Graduate,No,9083,0,228.0,360.0,1.0,Semiurban,1,5.429345628954441
Male,No,0.0,Graduate,No,8750,4167,308.0,360.0,1.0,Rural,0,5.730099782973574
Male,Yes,3.0,Graduate,No,2666,2083,95.0,360.0,1.0,Rural,1,4.553876891600541
Female,Yes,0.0,Graduate,Yes,5500,0,105.0,360.0,0.0,Rural,0,4.653960350157523
Female,Yes,0.0,Graduate,No,2423,505,130.0,360.0,1.0,Semiurban,1,4.867534450455582
Female,No,0.0,Graduate,No,3813,0,116.0,180.0,1.0,Urban,1,4.7535901911063645
Male,Yes,2.0,Graduate,No,8333,3167,165.0,360.0,1.0,Rural,1,5.10594547390058
Male,Yes,1.0,Graduate,No,3875,0,67.0,360.0,1.0,Urban,0,4.204692619390966
Male,Yes,0.0,Not Graduate,No,3000,1666,100.0,480.0,0.0,Urban,0,4.605170185988092
Male,Yes,3.0,Graduate,No,5167,3167,200.0,360.0,1.0,Semiurban,1,5.298317366548036
Female,No,1.0,Graduate,No,4723,0,81.0,360.0,1.0,Semiurban,0,4.394449154672439
Male,Yes,2.0,Graduate,No,5000,3667,236.0,360.0,1.0,Semiurban,1,5.4638318050256105
Male,Yes,0.0,Graduate,No,4750,2333,130.0,360.0,1.0,Urban,1,4.867534450455582
Male,Yes,0.0,Graduate,No,3013,3033,95.0,300.0,1.0,Urban,1,4.553876891600541
Male,No,0.0,Graduate,Yes,6822,0,141.0,360.0,1.0,Rural,1,4.948759890378168
Male,No,0.0,Not Graduate,No,6216,0,133.0,360.0,1.0,Rural,0,4.890349128221754
Male,No,0.0,Graduate,No,2500,0,96.0,480.0,1.0,Semiurban,0,4.564348191467836
Male,No,0.0,Graduate,No,5124,0,124.0,360.0,0.0,Rural,0,4.820281565605037
Male,Yes,1.0,Graduate,No,6325,0,175.0,360.0,1.0,Semiurban,1,5.1647859739235145
Male,Yes,0.0,Graduate,No,19730,5266,570.0,360.0,1.0,Rural,0,6.345636360828596
Female,No,0.0,Graduate,Yes,15759,0,55.0,360.0,1.0,Semiurban,1,4.007333185232471
Male,Yes,2.0,Graduate,No,5185,0,155.0,360.0,1.0,Semiurban,1,5.043425116919247
Male,Yes,2.0,Graduate,Yes,9323,7873,380.0,300.0,1.0,Rural,1,5.940171252720432
Male,No,1.0,Graduate,No,3062,1987,111.0,180.0,0.0,Urban,0,4.709530201312334
Female,No,0.0,Graduate,No,2764,1459,110.0,360.0,1.0,Urban,1,4.700480365792417
Male,Yes,0.0,Graduate,No,4817,923,120.0,180.0,1.0,Urban,1,4.787491742782046
Male,Yes,3.0,Graduate,No,8750,4996,130.0,360.0,1.0,Rural,1,4.867534450455582
Male,Yes,0.0,Graduate,No,4310,0,130.0,360.0,1.0,Semiurban,1,4.867534450455582
Male,No,0.0,Graduate,No,3069,0,71.0,480.0,1.0,Urban,0,4.2626798770413155
Male,Yes,2.0,Graduate,No,5391,0,130.0,360.0,1.0,Urban,1,4.867534450455582
Male,Yes,0.0,Graduate,No,3333,2500,128.0,360.0,1.0,Semiurban,1,4.852030263919617
Male,No,0.0,Graduate,No,5941,4232,296.0,360.0,1.0,Semiurban,1,5.69035945432406
Female,No,0.0,Graduate,No,6000,0,156.0,360.0,1.0,Urban,1,5.049856007249537
Male,No,0.0,Graduate,Yes,7167,0,128.0,360.0,1.0,Urban,1,4.852030263919617
Male,Yes,2.0,Graduate,No,4566,0,100.0,360.0,1.0,Urban,0,4.605170185988092
Male,No,1.0,Graduate,No,3667,0,113.0,180.0,1.0,Urban,1,4.727387818712341
Male,No,0.0,Not Graduate,No,2346,1600,132.0,360.0,1.0,Semiurban,1,4.882801922586371
Male,Yes,0.0,Not Graduate,No,3010,3136,128.0,360.0,0.0,Urban,0,4.852030263919617
Male,Yes,0.0,Graduate,No,2333,2417,136.0,360.0,1.0,Urban,1,4.912654885736052
Male,Yes,0.0,Graduate,No,5488,0,125.0,360.0,1.0,Rural,1,4.8283137373023015
Male,No,3.0,Graduate,No,9167,0,185.0,360.0,1.0,Rural,1,5.220355825078324
Male,Yes,3.0,Graduate,No,9504,0,275.0,360.0,1.0,Rural,1,5.616771097666572
Male,Yes,0.0,Graduate,No,2583,2115,120.0,360.0,1.0,Urban,1,4.787491742782046
Male,Yes,2.0,Not Graduate,No,1993,1625,113.0,180.0,1.0,Semiurban,1,4.727387818712341
Male,Yes,2.0,Graduate,No,3100,1400,113.0,360.0,1.0,Urban,1,4.727387818712341
Male,Yes,2.0,Graduate,No,3276,484,135.0,360.0,1.0,Semiurban,1,4.90527477843843
Female,No,0.0,Graduate,No,3180,0,71.0,360.0,0.0,Urban,0,4.2626798770413155
Male,Yes,0.0,Graduate,No,3033,1459,95.0,360.0,1.0,Urban,1,4.553876891600541
Male,No,0.0,Not Graduate,No,3902,1666,109.0,360.0,1.0,Rural,1,4.6913478822291435
Female,No,0.0,Graduate,No,1500,1800,103.0,360.0,0.0,Semiurban,0,4.634728988229636
Male,Yes,2.0,Not Graduate,No,2889,0,45.0,180.0,0.0,Urban,0,3.8066624897703196
Male,No,0.0,Not Graduate,No,2755,0,65.0,300.0,1.0,Rural,0,4.174387269895637
Male,No,0.0,Graduate,No,2500,20000,103.0,360.0,1.0,Semiurban,1,4.634728988229636
Female,No,0.0,Not Graduate,No,1963,0,53.0,360.0,1.0,Semiurban,1,3.970291913552122
Female,No,0.0,Graduate,Yes,7441,0,194.0,360.0,1.0,Rural,0,5.267858159063328
Female,No,0.0,Graduate,No,4547,0,115.0,360.0,1.0,Semiurban,1,4.74493212836325
Male,Yes,0.0,Not Graduate,No,2167,2400,115.0,360.0,1.0,Urban,1,4.74493212836325
Female,No,0.0,Not Graduate,No,2213,0,66.0,360.0,1.0,Rural,1,4.189654742026425
Male,Yes,1.0,Graduate,No,8300,0,152.0,300.0,0.0,Semiurban,0,5.0238805208462765
Male,Yes,3.0,Graduate,No,81000,0,360.0,360.0,0.0,Rural,0,5.886104031450156
Female,No,1.0,Not Graduate,Yes,3867,0,62.0,360.0,1.0,Semiurban,0,4.127134385045092
Male,Yes,0.0,Graduate,No,6256,0,160.0,360.0,1.0,Urban,1,5.075173815233827
Male,Yes,0.0,Not Graduate,No,6096,0,218.0,360.0,0.0,Rural,0,5.384495062789089
Male,Yes,0.0,Not Graduate,No,2253,2033,110.0,360.0,1.0,Rural,1,4.700480365792417
Female,Yes,0.0,Not Graduate,No,2149,3237,178.0,360.0,0.0,Semiurban,0,5.181783550292085
Female,No,0.0,Graduate,No,2995,0,60.0,360.0,1.0,Urban,1,4.0943445622221
Female,No,1.0,Graduate,No,2600,0,160.0,360.0,1.0,Urban,0,5.075173815233827
Male,Yes,2.0,Graduate,Yes,1600,20000,239.0,360.0,1.0,Urban,0,5.476463551931511
Male,Yes,0.0,Graduate,No,1025,2773,112.0,360.0,1.0,Rural,1,4.718498871295094
Male,Yes,0.0,Graduate,No,3246,1417,138.0,360.0,1.0,Semiurban,1,4.927253685157205
Male,Yes,0.0,Graduate,No,5829,0,138.0,360.0,1.0,Rural,1,4.927253685157205
Female,No,0.0,Not Graduate,No,2720,0,80.0,360.0,0.0,Urban,0,4.382026634673881
Male,Yes,0.0,Graduate,No,1820,1719,100.0,360.0,1.0,Urban,1,4.605170185988092
Male,Yes,1.0,Graduate,No,7250,1667,110.0,360.0,0.0,Urban,0,4.700480365792417
Male,Yes,0.0,Graduate,No,14880,0,96.0,360.0,1.0,Semiurban,1,4.564348191467836
Male,Yes,0.0,Graduate,No,2666,4300,121.0,360.0,1.0,Rural,1,4.795790545596741
Female,No,1.0,Not Graduate,No,4606,0,81.0,360.0,1.0,Rural,0,4.394449154672439
Male,Yes,2.0,Graduate,No,5935,0,133.0,360.0,1.0,Semiurban,1,4.890349128221754
Male,Yes,0.0,Graduate,No,2920,16,87.0,360.0,1.0,Rural,1,4.465908118654584
Male,No,0.0,Not Graduate,No,2717,0,60.0,180.0,1.0,Urban,1,4.0943445622221
Female,No,1.0,Graduate,Yes,8624,0,150.0,360.0,1.0,Semiurban,1,5.0106352940962555
Male,No,0.0,Graduate,No,6500,0,105.0,360.0,0.0,Rural,0,4.653960350157523
Male,No,0.0,Graduate,No,12876,0,405.0,360.0,1.0,Semiurban,1,6.003887067106539
Male,Yes,0.0,Graduate,No,2425,2340,143.0,360.0,1.0,Semiurban,1,4.962844630259907
Male,No,0.0,Graduate,No,3750,0,100.0,360.0,1.0,Urban,1,4.605170185988092
Female,Yes,0.0,Graduate,No,10047,0,128.0,240.0,1.0,Semiurban,1,4.852030263919617
Male,No,0.0,Graduate,No,1926,1851,50.0,360.0,1.0,Semiurban,1,3.912023005428146
Male,Yes,0.0,Graduate,No,2213,1125,128.0,360.0,1.0,Urban,1,4.852030263919617
Male,No,0.0,Graduate,Yes,10416,0,187.0,360.0,0.0,Urban,0,5.231108616854587
Female,Yes,0.0,Not Graduate,Yes,7142,0,138.0,360.0,1.0,Rural,1,4.927253685157205
Male,No,0.0,Graduate,No,3660,5064,187.0,360.0,1.0,Semiurban,1,5.231108616854587
Male,Yes,0.0,Graduate,No,7901,1833,180.0,360.0,1.0,Rural,1,5.19295685089021
Male,No,3.0,Not Graduate,No,4707,1993,148.0,360.0,1.0,Semiurban,1,4.997212273764115
Male,No,1.0,Graduate,No,37719,0,152.0,360.0,1.0,Semiurban,1,5.0238805208462765
Male,Yes,0.0,Graduate,No,7333,8333,175.0,300.0,1.0,Rural,1,5.1647859739235145
Male,Yes,1.0,Graduate,Yes,3466,1210,130.0,360.0,1.0,Rural,1,4.867534450455582
Male,Yes,2.0,Not Graduate,No,4652,0,110.0,360.0,1.0,Rural,1,4.700480365792417
Male,Yes,0.0,Graduate,No,3539,1376,55.0,360.0,1.0,Rural,0,4.007333185232471
Male,Yes,2.0,Graduate,No,3340,1710,150.0,360.0,0.0,Rural,0,5.0106352940962555
Male,No,1.0,Not Graduate,Yes,2769,1542,190.0,360.0,1.0,Semiurban,0,5.247024072160486
Male,Yes,2.0,Not Graduate,No,2309,1255,125.0,360.0,0.0,Rural,0,4.8283137373023015
Male,Yes,2.0,Not Graduate,No,1958,1456,60.0,300.0,1.0,Urban,1,4.0943445622221
Male,Yes,0.0,Graduate,No,3948,1733,149.0,360.0,0.0,Rural,0,5.003946305945459
Male,Yes,0.0,Graduate,No,2483,2466,90.0,180.0,0.0,Rural,1,4.499809670330265
Male,No,0.0,Graduate,Yes,7085,0,84.0,360.0,1.0,Semiurban,1,4.430816798843313
Male,Yes,2.0,Graduate,No,3859,0,96.0,360.0,1.0,Semiurban,1,4.564348191467836
Male,Yes,0.0,Graduate,No,4301,0,118.0,360.0,1.0,Urban,1,4.770684624465665
Male,Yes,0.0,Graduate,No,3708,2569,173.0,360.0,1.0,Urban,0,5.153291594497779
Male,No,2.0,Graduate,No,4354,0,136.0,360.0,1.0,Rural,1,4.912654885736052
Male,Yes,0.0,Graduate,No,8334,0,160.0,360.0,1.0,Semiurban,0,5.075173815233827
Male,Yes,0.0,Graduate,Yes,2083,4083,160.0,360.0,1.0,Semiurban,1,5.075173815233827
Male,Yes,3.0,Graduate,No,7740,0,128.0,180.0,1.0,Urban,1,4.852030263919617
Male,Yes,0.0,Graduate,No,3015,2188,153.0,360.0,1.0,Rural,1,5.030437921392435
Female,No,1.0,Not Graduate,No,5191,0,132.0,360.0,1.0,Semiurban,1,4.882801922586371
Male,No,0.0,Graduate,No,4166,0,98.0,360.0,0.0,Semiurban,0,4.584967478670572
Male,No,0.0,Graduate,No,6000,0,140.0,360.0,1.0,Rural,1,4.941642422609304
Male,Yes,3.0,Not Graduate,No,2947,1664,70.0,180.0,0.0,Urban,0,4.248495242049359
Male,Yes,0.0,Graduate,No,16692,0,110.0,360.0,1.0,Semiurban,1,4.700480365792417
Female,Yes,2.0,Not Graduate,No,210,2917,98.0,360.0,1.0,Semiurban,1,4.584967478670572
Male,Yes,0.0,Graduate,No,4333,2451,110.0,360.0,1.0,Urban,0,4.700480365792417
Male,Yes,1.0,Graduate,Yes,3450,2079,162.0,360.0,1.0,Semiurban,1,5.087596335232384
Male,Yes,1.0,Not Graduate,No,2653,1500,113.0,180.0,0.0,Rural,0,4.727387818712341
Male,Yes,3.0,Graduate,No,4691,0,100.0,360.0,1.0,Semiurban,1,4.605170185988092
Female,No,0.0,Graduate,Yes,2500,0,93.0,360.0,1.0,Urban,1,4.532599493153256
Male,No,2.0,Graduate,No,5532,4648,162.0,360.0,1.0,Rural,1,5.087596335232384
Male,Yes,2.0,Graduate,Yes,16525,1014,150.0,360.0,1.0,Rural,1,5.0106352940962555
Male,Yes,2.0,Graduate,No,6700,1750,230.0,300.0,1.0,Semiurban,1,5.438079308923196
Male,Yes,2.0,Graduate,No,2873,1872,132.0,360.0,0.0,Semiurban,0,4.882801922586371
Male,Yes,1.0,Graduate,Yes,16667,2250,86.0,360.0,1.0,Semiurban,1,4.454347296253507
Male,Yes,2.0,Graduate,No,2947,1603,128.0,360.0,1.0,Urban,0,4.852030263919617
Female,No,0.0,Not Graduate,No,4350,0,154.0,360.0,1.0,Rural,1,5.0369526024136295
Male,Yes,3.0,Not Graduate,No,3095,0,113.0,360.0,1.0,Rural,1,4.727387818712341
Male,Yes,0.0,Graduate,No,2083,3150,128.0,360.0,1.0,Semiurban,1,4.852030263919617
Male,Yes,0.0,Graduate,No,10833,0,234.0,360.0,1.0,Semiurban,1,5.455321115357702
Male,Yes,2.0,Graduate,No,8333,0,246.0,360.0,1.0,Semiurban,1,5.5053315359323625
Male,Yes,1.0,Not Graduate,No,1958,2436,131.0,360.0,1.0,Rural,1,4.875197323201151
Male,No,2.0,Graduate,No,3547,0,80.0,360.0,0.0,Rural,0,4.382026634673881
Male,Yes,1.0,Graduate,No,18333,0,500.0,360.0,1.0,Urban,0,6.214608098422191
Male,Yes,2.0,Graduate,Yes,4583,2083,160.0,360.0,1.0,Semiurban,1,5.075173815233827
Male,No,0.0,Graduate,No,2435,0,75.0,360.0,1.0,Urban,0,4.31748811353631
Male,No,0.0,Not Graduate,No,2699,2785,96.0,360.0,1.0,Semiurban,1,4.564348191467836
Male,Yes,1.0,Not Graduate,No,5333,1131,186.0,360.0,1.0,Urban,1,5.225746673713202
Male,No,0.0,Not Graduate,No,3691,0,110.0,360.0,1.0,Rural,1,4.700480365792417
Female,No,0.0,Not Graduate,Yes,17263,0,225.0,360.0,1.0,Semiurban,1,5.41610040220442
Male,Yes,0.0,Graduate,No,3597,2157,119.0,360.0,0.0,Rural,0,4.77912349311153
Female,Yes,1.0,Graduate,No,3326,913,105.0,84.0,1.0,Semiurban,1,4.653960350157523
Male,Yes,0.0,Not Graduate,No,2600,1700,107.0,360.0,1.0,Rural,1,4.672828834461906
Male,Yes,0.0,Graduate,No,4625,2857,111.0,12.0,1.0,Urban,1,4.709530201312334
Male,Yes,1.0,Graduate,Yes,2895,0,95.0,360.0,1.0,Semiurban,1,4.553876891600541
Male,No,0.0,Graduate,No,6283,4416,209.0,360.0,0.0,Rural,0,5.342334251964811
Female,No,0.0,Graduate,No,645,3683,113.0,480.0,1.0,Rural,1,4.727387818712341
Female,No,0.0,Graduate,No,3159,0,100.0,360.0,1.0,Semiurban,1,4.605170185988092
Male,Yes,2.0,Graduate,No,4865,5624,208.0,360.0,1.0,Semiurban,1,5.337538079701318
Male,Yes,1.0,Not Graduate,No,4050,5302,138.0,360.0,1.0,Rural,0,4.927253685157205
Male,Yes,0.0,Not Graduate,No,3814,1483,124.0,300.0,1.0,Semiurban,1,4.820281565605037
Male,Yes,2.0,Graduate,No,3510,4416,243.0,360.0,1.0,Rural,1,5.493061443340548
Male,Yes,0.0,Graduate,No,20833,6667,480.0,360.0,1.0,Urban,1,6.173786103901937
Male,No,0.0,Graduate,No,3583,0,96.0,360.0,1.0,Urban,0,4.564348191467836
Male,Yes,0.0,Graduate,Yes,2479,3013,188.0,360.0,1.0,Urban,1,5.236441962829949
Female,No,1.0,Graduate,No,13262,0,40.0,360.0,1.0,Urban,1,3.6888794541139363
Male,No,0.0,Not Graduate,No,3598,1287,100.0,360.0,1.0,Rural,0,4.605170185988092
Male,Yes,1.0,Graduate,No,6065,2004,250.0,360.0,1.0,Semiurban,1,5.521460917862246
Male,Yes,2.0,Graduate,No,3283,2035,148.0,360.0,1.0,Urban,1,4.997212273764115
Male,Yes,0.0,Graduate,No,2130,6666,70.0,180.0,1.0,Semiurban,0,4.248495242049359
Male,No,0.0,Graduate,No,5815,3666,311.0,360.0,1.0,Rural,0,5.739792912179234
Male,Yes,3.0,Graduate,No,3466,3428,150.0,360.0,1.0,Rural,1,5.0106352940962555
Female,Yes,2.0,Graduate,No,2031,1632,113.0,480.0,1.0,Semiurban,1,4.727387818712341
Male,Yes,0.0,Not Graduate,No,3074,1800,123.0,360.0,0.0,Semiurban,0,4.812184355372417
Male,No,0.0,Graduate,No,4683,1915,185.0,360.0,1.0,Semiurban,0,5.220355825078324
Female,No,0.0,Not Graduate,No,3400,0,95.0,360.0,1.0,Rural,0,4.553876891600541
Male,Yes,2.0,Not Graduate,No,2192,1742,45.0,360.0,1.0,Semiurban,1,3.8066624897703196
Male,No,0.0,Graduate,No,2500,0,55.0,360.0,1.0,Semiurban,1,4.007333185232471
Male,Yes,3.0,Graduate,Yes,5677,1424,100.0,360.0,1.0,Rural,1,4.605170185988092
Male,Yes,2.0,Graduate,Yes,7948,7166,480.0,360.0,1.0,Rural,1,6.173786103901937
Male,No,0.0,Graduate,No,4680,2087,128.0,360.0,1.0,Semiurban,0,4.852030263919617
Male,Yes,2.0,Graduate,Yes,17500,0,400.0,360.0,1.0,Rural,1,5.991464547107982
Male,Yes,0.0,Graduate,No,3775,0,110.0,360.0,1.0,Semiurban,1,4.700480365792417
Male,Yes,1.0,Not Graduate,No,5285,1430,161.0,360.0,0.0,Semiurban,1,5.081404364984463
Male,No,1.0,Not Graduate,No,2679,1302,94.0,360.0,1.0,Semiurban,1,4.543294782270004
Male,No,0.0,Not Graduate,No,6783,0,130.0,360.0,1.0,Semiurban,1,4.867534450455582
Male,Yes,0.0,Graduate,No,1025,5500,216.0,360.0,1.0,Rural,1,5.375278407684165
Male,Yes,3.0,Graduate,No,4281,0,100.0,360.0,1.0,Urban,1,4.605170185988092
Male,No,2.0,Graduate,No,3588,0,110.0,360.0,0.0,Rural,0,4.700480365792417
Male,No,1.0,Graduate,No,11250,0,196.0,360.0,1.0,Semiurban,0,5.278114659230517
Female,No,0.0,Not Graduate,Yes,18165,0,125.0,360.0,1.0,Urban,1,4.8283137373023015
Male,No,0.0,Not Graduate,No,2550,2042,126.0,360.0,1.0,Rural,1,4.836281906951478
Male,Yes,0.0,Graduate,No,6133,3906,324.0,360.0,1.0,Urban,1,5.780743515792329
Male,No,2.0,Graduate,No,3617,0,107.0,360.0,1.0,Semiurban,1,4.672828834461906
Male,Yes,0.0,Not Graduate,No,2917,536,66.0,360.0,1.0,Rural,0,4.189654742026425
Male,Yes,3.0,Graduate,No,6417,0,157.0,180.0,1.0,Rural,1,5.056245805348308
Female,Yes,1.0,Graduate,No,4608,2845,140.0,180.0,1.0,Semiurban,1,4.941642422609304
Female,No,0.0,Graduate,No,2138,0,99.0,360.0,0.0,Semiurban,0,4.59511985013459
Female,No,1.0,Graduate,No,3652,0,95.0,360.0,1.0,Semiurban,1,4.553876891600541
Male,Yes,1.0,Not Graduate,No,2239,2524,128.0,360.0,1.0,Urban,1,4.852030263919617
Female,Yes,0.0,Not Graduate,No,3017,663,102.0,360.0,1.0,Semiurban,1,4.624972813284271
Male,Yes,0.0,Graduate,No,2768,1950,155.0,360.0,1.0,Rural,1,5.043425116919247
Male,No,0.0,Not Graduate,No,3358,0,80.0,36.0,1.0,Semiurban,0,4.382026634673881
Male,No,0.0,Graduate,No,2526,1783,145.0,360.0,1.0,Rural,1,4.976733742420574
Female,No,0.0,Graduate,No,5000,0,103.0,360.0,0.0,Semiurban,0,4.634728988229636
Male,Yes,0.0,Graduate,No,2785,2016,110.0,360.0,1.0,Rural,1,4.700480365792417
Male,Yes,2.0,Graduate,Yes,6633,0,128.0,360.0,0.0,Rural,0,4.852030263919617
Male,Yes,1.0,Not Graduate,No,2492,2375,128.0,360.0,1.0,Rural,1,4.852030263919617
Male,Yes,1.0,Graduate,No,3333,3250,158.0,360.0,1.0,Urban,1,5.062595033026967
Male,Yes,0.0,Not Graduate,No,2454,2333,181.0,360.0,0.0,Urban,0,5.198497031265826
Male,Yes,0.0,Graduate,No,3593,4266,132.0,180.0,0.0,Rural,0,4.882801922586371
Male,Yes,1.0,Graduate,No,5468,1032,26.0,360.0,1.0,Semiurban,1,3.258096538021482
Female,No,0.0,Graduate,No,2667,1625,84.0,360.0,1.0,Urban,1,4.430816798843313
Male,Yes,3.0,Graduate,Yes,10139,0,260.0,360.0,1.0,Semiurban,1,5.560681631015528
Male,Yes,0.0,Graduate,No,3887,2669,162.0,360.0,1.0,Semiurban,1,5.087596335232384
Female,Yes,0.0,Graduate,No,4180,2306,182.0,360.0,1.0,Semiurban,1,5.204006687076795
Male,Yes,2.0,Not Graduate,No,3675,242,108.0,360.0,1.0,Semiurban,1,4.68213122712422
Female,Yes,1.0,Graduate,Yes,19484,0,600.0,360.0,1.0,Semiurban,1,6.396929655216146
Male,Yes,0.0,Graduate,No,5923,2054,211.0,360.0,1.0,Rural,1,5.351858133476067
Male,No,0.0,Not Graduate,Yes,5800,0,132.0,360.0,1.0,Semiurban,1,4.882801922586371
Male,Yes,2.0,Graduate,No,8799,0,258.0,360.0,0.0,Urban,0,5.552959584921617
Male,Yes,0.0,Not Graduate,No,4467,0,120.0,360.0,1.0,Rural,1,4.787491742782046
Male,No,0.0,Graduate,No,3333,0,70.0,360.0,1.0,Urban,1,4.248495242049359
Male,Yes,3.0,Graduate,No,3400,2500,123.0,360.0,0.0,Rural,0,4.812184355372417
Female,No,0.0,Graduate,No,2378,0,9.0,360.0,1.0,Urban,0,2.1972245773362196
Male,Yes,0.0,Graduate,No,3166,2064,104.0,360.0,0.0,Urban,0,4.6443908991413725
Male,Yes,1.0,Graduate,No,3417,1750,186.0,360.0,1.0,Urban,1,5.225746673713202
Male,Yes,0.0,Graduate,No,5116,1451,165.0,360.0,0.0,Urban,0,5.10594547390058
Male,Yes,2.0,Graduate,No,16666,0,275.0,360.0,1.0,Urban,1,5.616771097666572
Male,Yes,2.0,Not Graduate,No,6125,1625,187.0,480.0,1.0,Semiurban,0,5.231108616854587
Male,Yes,3.0,Graduate,No,6406,0,150.0,360.0,1.0,Semiurban,0,5.0106352940962555
Male,Yes,2.0,Graduate,No,3159,461,108.0,84.0,1.0,Urban,1,4.68213122712422
Male,Yes,0.0,Graduate,No,3087,2210,136.0,360.0,0.0,Semiurban,0,4.912654885736052
Male,No,0.0,Graduate,No,3229,2739,110.0,360.0,1.0,Urban,1,4.700480365792417
Male,Yes,1.0,Graduate,No,1782,2232,107.0,360.0,1.0,Rural,1,4.672828834461906
Male,No,0.0,Graduate,No,3182,2917,161.0,360.0,1.0,Urban,1,5.081404364984463
Male,Yes,2.0,Graduate,No,6540,0,205.0,360.0,1.0,Semiurban,1,5.3230099791384085
Male,No,0.0,Graduate,No,1836,33837,90.0,360.0,1.0,Urban,0,4.499809670330265
Female,Yes,0.0,Graduate,No,3166,0,36.0,360.0,1.0,Semiurban,1,3.58351893845611
Male,Yes,1.0,Graduate,No,1880,0,61.0,360.0,1.0,Rural,0,4.110873864173311
Male,Yes,1.0,Graduate,No,2787,1917,146.0,360.0,0.0,Rural,0,4.983606621708336
Male,Yes,1.0,Graduate,No,4283,3000,172.0,84.0,1.0,Rural,0,5.147494476813453
Male,Yes,0.0,Graduate,No,2297,1522,104.0,360.0,1.0,Urban,1,4.6443908991413725
Female,No,0.0,Not Graduate,No,2165,0,70.0,360.0,1.0,Semiurban,1,4.248495242049359
Male,No,0.0,Graduate,No,4750,0,94.0,360.0,1.0,Semiurban,1,4.543294782270004
Male,Yes,2.0,Graduate,Yes,2726,0,106.0,360.0,0.0,Semiurban,0,4.663439094112067
Male,Yes,0.0,Graduate,No,3000,3416,56.0,180.0,1.0,Semiurban,1,4.02535169073515
Male,Yes,2.0,Graduate,Yes,6000,0,205.0,240.0,1.0,Semiurban,0,5.3230099791384085
Male,No,3.0,Graduate,Yes,9357,0,292.0,360.0,1.0,Semiurban,1,5.676753802268282
Male,Yes,0.0,Graduate,No,3859,3300,142.0,180.0,1.0,Rural,1,4.955827057601261
Male,Yes,0.0,Graduate,Yes,16120,0,260.0,360.0,1.0,Urban,1,5.560681631015528
Male,No,0.0,Not Graduate,No,3833,0,110.0,360.0,1.0,Rural,1,4.700480365792417
Male,Yes,2.0,Not Graduate,Yes,6383,1000,187.0,360.0,1.0,Rural,0,5.231108616854587
Male,No,0.0,Graduate,No,2987,0,88.0,360.0,0.0,Semiurban,0,4.477336814478207
Male,Yes,0.0,Graduate,Yes,9963,0,180.0,360.0,1.0,Rural,1,5.19295685089021
Male,Yes,2.0,Graduate,No,5780,0,192.0,360.0,1.0,Urban,1,5.2574953720277815
Female,No,3.0,Graduate,No,416,41667,350.0,180.0,1.0,Urban,0,5.857933154483459
Male,Yes,0.0,Not Graduate,No,2894,2792,155.0,360.0,1.0,Rural,1,5.043425116919247
Male,Yes,3.0,Graduate,No,5703,0,128.0,360.0,1.0,Urban,1,4.852030263919617
Male,No,0.0,Graduate,No,3676,4301,172.0,360.0,1.0,Rural,1,5.147494476813453
Female,Yes,1.0,Graduate,No,12000,0,496.0,360.0,1.0,Semiurban,1,6.206575926724928
Male,Yes,0.0,Not Graduate,No,2400,3800,128.0,180.0,1.0,Urban,0,4.852030263919617
Male,Yes,1.0,Graduate,No,3400,2500,173.0,360.0,1.0,Semiurban,1,5.153291594497779
Male,Yes,2.0,Not Graduate,No,3987,1411,157.0,360.0,1.0,Rural,1,5.056245805348308
Male,Yes,0.0,Graduate,No,3232,1950,108.0,360.0,1.0,Rural,1,4.68213122712422
Female,No,0.0,Graduate,No,2900,0,71.0,360.0,1.0,Rural,1,4.2626798770413155
Male,Yes,3.0,Graduate,No,4106,0,40.0,180.0,1.0,Rural,1,3.6888794541139363
Male,Yes,1.0,Graduate,No,8072,240,253.0,360.0,1.0,Urban,1,5.53338948872752
Male,Yes,2.0,Graduate,No,7583,0,187.0,360.0,1.0,Urban,1,5.231108616854587
Female,No,0.0,Graduate,Yes,4583,0,133.0,360.0,0.0,Semiurban,0,4.890349128221754
